min_cluster_size,min_samples,n_neighbors,min_dist,n_components,num_topics,outlier_ratio,silhouette_score,composite_score
20,5,10,0.0,5,20,0.13205869275233437,0.6043943762779236,0.7757569268617486
20,10,15,0.0,5,19,0.1578479324144064,0.6390858292579651,0.7723418468210419
20,10,10,0.0,5,19,0.16007114273010226,0.6297755241394043,0.767374085907196
20,15,10,0.0,5,19,0.17385504668741664,0.6403973698616028,0.7673295500971253
20,5,15,0.0,5,18,0.12627834593152512,0.6251548528671265,0.7671222627141732
20,5,25,0.0,5,18,0.13116940862605603,0.6052801012992859,0.7564667525655591
20,15,25,0.0,5,15,0.14273010226767452,0.6552868485450745,0.7449235460515974
20,10,25,0.0,5,15,0.14584259670964872,0.6544061899185181,0.7434378766149561
20,10,35,0.0,5,15,0.16007114273010226,0.6459829211235046,0.7346674145500413
20,10,15,0.1,5,19,0.24055135615829257,0.6150043606758118,0.7325589876487129
20,5,10,0.1,5,23,0.21431747443308136,0.5664075016975403,0.7298722597123146
30,5,10,0.0,5,16,0.16985326811916407,0.6194332838058472,0.7292963338709239
20,5,15,0.1,5,20,0.1840818141396176,0.5325195789337158,0.7252051755713058
20,15,35,0.0,5,14,0.1480658070253446,0.6353905200958252,0.7241027015842506
20,5,35,0.0,5,15,0.12761227212094264,0.5963203310966492,0.7236798537511623
30,15,25,0.0,5,13,0.1627389951089373,0.6525588631629944,0.7166928401352194
30,10,25,0.0,5,13,0.16540684748777235,0.6507486701011658,0.7149445049248043
30,10,10,0.0,5,14,0.14762116496220543,0.6145310997962952,0.7148715871715609
20,10,25,0.1,5,15,0.1925300133392619,0.6174180507659912,0.7104526181759544
20,15,25,0.1,5,15,0.21565140062249888,0.631227433681488,0.708574354938795
20,5,25,0.1,5,15,0.15651400622498887,0.5756441950798035,0.7042599856071655
40,10,35,0.0,5,2,0.0,0.7362474799156189,0.7013113659620285
50,10,35,0.0,5,2,0.0,0.7362474799156189,0.7013113659620285
40,15,35,0.0,5,2,0.0,0.7362474799156189,0.7013113659620285
50,15,35,0.0,5,2,0.0,0.7362474799156189,0.7013113659620285
30,10,35,0.0,5,12,0.15562472209871053,0.6302645802497864,0.6991504083778551
30,5,10,0.1,5,16,0.22409959982214317,0.5823564529418945,0.6936255438861024
20,5,15,0.25,5,18,0.24455313472654513,0.5349621176719666,0.6851393557980942
40,15,25,0.0,5,2,0.0,0.7000399231910706,0.6850179654359818
50,15,25,0.0,5,2,0.0,0.7000399231910706,0.6850179654359818
40,10,25,0.0,5,11,0.19341929746554024,0.6438367962837219,0.6820298042147358
30,5,35,0.1,5,2,0.0,0.6901093125343323,0.6805491906404495
40,5,35,0.1,5,2,0.0,0.6901093125343323,0.6805491906404495
40,15,35,0.1,5,2,0.0,0.6901093125343323,0.6805491906404495
40,10,35,0.1,5,2,0.0,0.6901093125343323,0.6805491906404495
20,5,35,0.1,5,2,0.0,0.6901093125343323,0.6805491906404495
50,15,35,0.1,5,2,0.0,0.6901093125343323,0.6805491906404495
30,15,35,0.1,5,2,0.0,0.6901093125343323,0.6805491906404495
30,10,35,0.1,5,2,0.0,0.6901093125343323,0.6805491906404495
50,5,35,0.1,5,2,0.0,0.6901093125343323,0.6805491906404495
50,10,35,0.1,5,2,0.0,0.6901093125343323,0.6805491906404495
20,10,35,0.1,5,2,0.0,0.6901093125343323,0.6805491906404495
20,15,35,0.1,5,2,0.0,0.6901093125343323,0.6805491906404495
30,15,35,0.0,5,11,0.16585148955091153,0.6176562309265137,0.6798972825741121
30,5,35,0.0,5,11,0.1498443752779013,0.5999241471290588,0.6775203348608111
40,5,35,0.0,5,10,0.16407292129835482,0.6128815412521362,0.6683711711090371
30,10,25,0.1,5,2,0.0,0.6587196588516235,0.6664238464832306
40,5,25,0.1,5,2,0.0,0.6587196588516235,0.6664238464832306
50,10,25,0.1,5,2,0.0,0.6587196588516235,0.6664238464832306
40,10,25,0.1,5,2,0.0,0.6587196588516235,0.6664238464832306
30,5,25,0.1,5,2,0.0,0.6587196588516235,0.6664238464832306
40,15,25,0.1,5,2,0.0,0.6587196588516235,0.6664238464832306
50,15,25,0.1,5,2,0.0,0.6587196588516235,0.6664238464832306
50,5,25,0.1,5,2,0.0,0.6587196588516235,0.6664238464832306
30,15,25,0.1,5,2,0.0,0.6587196588516235,0.6664238464832306
20,15,15,0.25,5,14,0.23299244108492664,0.5568002462387085,0.6590127564276945
50,10,25,0.0,5,10,0.1925300133392619,0.6104257702827454,0.6573060919584938
20,15,15,0.0,5,10,0.029791018230324588,0.47857072949409485,0.6549299718917291
50,5,35,0.0,5,9,0.18497109826589594,0.612477719783783,0.6508750895096387
30,15,10,0.0,5,8,0.029791018230324588,0.4949178993701935,0.6422861983359736
50,5,10,0.0,5,8,0.052912405513561585,0.5055034756660461,0.6389572221199742
30,5,25,0.0,5,9,0.046242774566473986,0.4739256501197815,0.6370815714556357
40,5,10,0.0,5,7,0.03423743886171632,0.5083756446838379,0.6367859365061262
40,10,10,0.0,5,7,0.036905291240551356,0.5093775391578674,0.6363030406868473
50,10,10,0.0,5,7,0.036905291240551356,0.5093775391578674,0.6363030406868473
50,15,10,0.0,5,7,0.044019564250778125,0.512874186038971,0.6353865362297645
40,15,10,0.0,5,7,0.044019564250778125,0.512874186038971,0.6353865362297645
20,15,10,0.1,5,10,0.04668741662961316,0.4432119131088257,0.6331047650786069
30,5,15,0.25,5,14,0.28457092040907067,0.5372446179389954,0.6321602559293732
20,10,10,0.1,5,10,0.05113383726100489,0.4435569941997528,0.631703804348537
30,5,15,0.0,5,8,0.0377945753668297,0.476019948720932,0.6309808755460289
40,5,35,0.25,5,2,0.0,0.5790218710899353,0.6305598419904709
20,10,35,0.25,5,2,0.0,0.5790218710899353,0.6305598419904709
40,15,35,0.25,5,2,0.0,0.5790218710899353,0.6305598419904709
20,15,35,0.25,5,2,0.0,0.5790218710899353,0.6305598419904709
50,10,35,0.25,5,2,0.0,0.5790218710899353,0.6305598419904709
40,10,35,0.25,5,2,0.0,0.5790218710899353,0.6305598419904709
20,5,35,0.25,5,2,0.0,0.5790218710899353,0.6305598419904709
30,5,35,0.25,5,2,0.0,0.5790218710899353,0.6305598419904709
50,5,35,0.25,5,2,0.0,0.5790218710899353,0.6305598419904709
50,15,35,0.25,5,2,0.0,0.5790218710899353,0.6305598419904709
30,10,35,0.25,5,2,0.0,0.5790218710899353,0.6305598419904709
30,15,35,0.25,5,2,0.0,0.5790218710899353,0.6305598419904709
30,10,15,0.0,5,8,0.039573143619386394,0.47464853525161743,0.6297412405964427
40,5,15,0.1,5,2,0.0,0.5753036737442017,0.6288866531848907
50,15,15,0.1,5,2,0.0,0.5753036737442017,0.6288866531848907
50,10,15,0.1,5,2,0.0,0.5753036737442017,0.6288866531848907
30,15,15,0.1,5,2,0.0,0.5753036737442017,0.6288866531848907
30,5,15,0.1,5,2,0.0,0.5753036737442017,0.6288866531848907
40,15,15,0.1,5,2,0.0,0.5753036737442017,0.6288866531848907
50,5,15,0.1,5,2,0.0,0.5753036737442017,0.6288866531848907
40,10,15,0.1,5,2,0.0,0.5753036737442017,0.6288866531848907
30,10,15,0.1,5,2,0.0,0.5753036737442017,0.6288866531848907
30,15,15,0.0,5,8,0.04979991107158737,0.47932687401771545,0.6282671244329163
40,5,15,0.0,5,7,0.05202312138728324,0.4986613392829895,0.626189510191796
50,5,15,0.0,5,7,0.05202312138728324,0.4986613392829895,0.626189510191796
50,10,15,0.0,5,7,0.05380168963983993,0.4978373348712921,0.6251962093181375
40,10,15,0.0,5,7,0.05380168963983993,0.4978373348712921,0.6251962093181375
50,15,15,0.0,5,7,0.06402845709204091,0.5025425553321838,0.6237341899172684
40,15,15,0.0,5,7,0.06402845709204091,0.5025425553321838,0.6237341899172684
20,15,15,0.1,5,10,0.07825700311249444,0.4369100332260132,0.6192195638623329
50,5,25,0.0,5,7,0.059582036460649176,0.48505645990371704,0.6174216941954453
40,5,25,0.0,5,7,0.059582036460649176,0.48505645990371704,0.6174216941954453
50,5,25,0.25,5,2,0.0,0.5376611351966858,0.6119475108385086
30,15,25,0.25,5,2,0.0,0.5376611351966858,0.6119475108385086
20,5,25,0.25,5,2,0.0,0.5376611351966858,0.6119475108385086
50,15,25,0.25,5,2,0.0,0.5376611351966858,0.6119475108385086
50,10,25,0.25,5,2,0.0,0.5376611351966858,0.6119475108385086
20,15,25,0.25,5,2,0.0,0.5376611351966858,0.6119475108385086
20,10,25,0.25,5,2,0.0,0.5376611351966858,0.6119475108385086
40,15,25,0.25,5,2,0.0,0.5376611351966858,0.6119475108385086
30,10,25,0.25,5,2,0.0,0.5376611351966858,0.6119475108385086
30,5,25,0.25,5,2,0.0,0.5376611351966858,0.6119475108385086
40,10,25,0.25,5,2,0.0,0.5376611351966858,0.6119475108385086
40,5,25,0.25,5,2,0.0,0.5376611351966858,0.6119475108385086
30,15,10,0.1,5,8,0.05646954201867497,0.4365740716457367,0.6066939925340453
30,10,10,0.1,5,8,0.0609159626500667,0.4369790554046631,0.605319988004575
50,5,10,0.1,5,2,0.009782125389061804,0.5223605036735535,0.6016384827669274
40,5,10,0.1,5,2,0.009782125389061804,0.5223605036735535,0.6016384827669274
40,15,10,0.1,5,7,0.0706980880391285,0.45331913232803345,0.59924927873392
50,15,10,0.1,5,7,0.0706980880391285,0.45331913232803345,0.59924927873392
50,10,10,0.1,5,7,0.07514450867052024,0.4540692865848541,0.5980306009285022
40,10,10,0.1,5,7,0.07514450867052024,0.4540692865848541,0.5980306009285022
50,5,15,0.25,5,2,0.020898176967541128,0.5090252757072449,0.5917470121296208
40,5,15,0.25,5,2,0.020898176967541128,0.5090252757072449,0.5917470121296208
30,10,15,0.25,5,2,0.0213428190306803,0.5090887546539307,0.5916199529335308
40,10,15,0.25,5,2,0.0213428190306803,0.5090887546539307,0.5916199529335308
50,10,15,0.25,5,2,0.0213428190306803,0.5090887546539307,0.5916199529335308
50,15,15,0.25,5,2,0.022232103156958647,0.5090929865837097,0.5913106078577338
30,15,15,0.25,5,2,0.022232103156958647,0.5090929865837097,0.5913106078577338
40,15,15,0.25,5,2,0.022232103156958647,0.5090929865837097,0.5913106078577338
50,5,10,0.25,5,2,0.020453534904401955,0.47974708676338196,0.5787274518269812
40,5,10,0.25,5,2,0.020453534904401955,0.47974708676338196,0.5787274518269812
50,10,10,0.25,5,2,0.03868385949310805,0.4906846582889557,0.5772687454074422
40,10,10,0.25,5,2,0.03868385949310805,0.4906846582889557,0.5772687454074422
30,10,10,0.25,5,2,0.03868385949310805,0.4906846582889557,0.5772687454074422
30,15,10,0.25,5,11,0.3094708759448644,0.49000081419944763,0.572185559809049
20,10,10,0.25,5,2,0.0,0.3790879249572754,0.5405895662307739
20,5,10,0.25,5,2,0.0,0.3790879249572754,0.5405895662307739
20,15,10,0.25,5,2,0.0,0.3790879249572754,0.5405895662307739
40,15,10,0.25,5,7,0.1956425077812361,0.40406423807144165,0.533354029408716
30,5,10,0.25,5,10,0.20453534904401957,0.3418191075325012,0.5322312262242187
50,15,10,0.25,5,6,0.21520675855935972,0.40128397941589355,0.5152554252413761
20,10,15,0.25,5,4,0.0017785682525566918,0.20461712777614594,0.4814552086108709
